{
    "version": "0.2",
    "ignorePaths": [],
    "dictionaryDefinitions": [],
    "dictionaries": [],
    "words": [
        "aarch64",
        "acdadcfa",
        "acea",
        "abmrd",
        "acfb",
        "acosh",
        "Acosh",
        "adfcd",
        "addcmul",
        "addif",
        "addmm",
        "aeaa",
        "agem",
        "agew",
        "armeabi",
        "armhf",
        "artefacts",
        "ARTEFACTS",
        "Asinh",
        "asynch",
        "Atanh",
        "autodoc",
        "Autograd",
        "autoplugin",
        "AUTOPLUGIN",
        "autoremove",
        "autosummary",
        "bace",
        "Backprop",
        "bblayers",
        "Beautif",
        "Bilat",
        "bindir",
        "bitbake",
        "BFYX",
        "BFXY",
        "bkgr",
        "brctl",
        "Bucketize",
        "BUILDDIR",
        "buildtools",
        "buildsystems",
        "BYXF",
        "bvalue",
        "bvlc",
        "caffe",
        "caffemodel",
        "camvid",
        "cbba",
        "cbcd",
        "cdad",
        "cdrom",
        "chrpath",
        "classov",
        "cldnn",
        "clumber",
        "codepath",
        "codepaths",
        "coeffs",
        "concat",
        "Concat",
        "Conts",
        "constexpr",
        "consts",
        "Consts",
        "conv",
        "Convolutional",
        "CPPLINT",
        "cpplint",
        "crbegin",
        "crend",
        "ctest",
        "ctput",
        "CVAT",
        "cython",
        "dadb",
        "DANDROID",
        "DARM",
        "Datumaro",
        "datumaro",
        "DBUILD",
        "DCMAKE",
        "ddepth",
        "Depthwise",
        "dearmor",
        "devicesupport",
        "dequantization",
        "Dequantization",
        "deeplabv",
        "deeced",
        "DENABLE",
        "delif",
        "denormal",
        "DENORMAL",
        "denormalized",
        "Detectron",
        "Dequantize",
        "devel",
        "devtoolset",
        "dgpu",
        "diffstat",
        "dldt",
        "dlstreamer",
        "dkms",
        "Dockerfiles",
        "DOPENVINO",
        "downscript",
        "doxid",
        "doxygen",
        "Doxygen",
        "doxygensnippet",
        "DTHREADING",
        "dpkg",
        "DPYTHON",
        "DSELECTIVE",
        "dylib",
        "DWORD",
        "efficientdet",
        "Efficientdet",
        "Einsum",
        "Elems",
        "Elementwise",
        "elementwise",
        "Eltwise",
        "endsphinxdirective",
        "enumov",
        "emcmake",
        "emmake",
        "emod",
        "emom",
        "emow",
        "Emscripten",
        "emscripten",
        "emsdk",
        "epel",
        "ERRORLEVEL",
        "evolutionally",
        "executionpolicy",
        "fafe",
        "fdupes",
        "flatbuffers",
        "FLATBUFFERS",
        "frontends",
        "Frontends",
        "FYXB",
        "gaddb",
        "GAPI",
        "gapi",
        "Gaussed",
        "gcompoundkernel",
        "gcomputation",
        "GCPU",
        "gcpukernel",
        "Gelu",
        "GELU",
        "Geti",
        "getitem",
        "gimg",
        "gitee",
        "gflags",
        "globbing",
        "gmmlib",
        "GNAs",
        "gmock",
        "gnueabihf",
        "googlenet",
        "gpgcheck",
        "gpgkey",
        "graphviz",
        "Graphviz",
        "groupov",
        "gtest",
        "hardtanh",
        "hashfile",
        "HDDL",
        "HKLM",
        "HOSTTOOLS",
        "Hotspots",
        "hotspots",
        "hostnet",
        "hwloc",
        "hwquote",
        "idbf",
        "IDFT",
        "iigd",
        "ifdef",
        "ifdown",
        "ifup",
        "imgproc",
        "imshow",
        "inet",
        "INTEGRITYCHECK",
        "ILSVRC",
        "inferenced",
        "Informations",
        "insmod",
        "intelocl",
        "INTERPROCEDURAL",
        "INSTALLDIR",
        "IRDFT",
        "jemalloc",
        "kaldi",
        "Keras",
        "keypress",
        "keyrings",
        "Khronos",
        "KROIs",
        "Landm",
        "landm",
        "Latency",
        "Lcov",
        "ldconfig",
        "libc",
        "libopencl",
        "libopencv",
        "libpython",
        "libtbb",
        "libtbbbind",
        "libtpm",
        "libvirtd",
        "linmac",
        "Liskov",
        "lowlatency",
        "LTSC",
        "LSTM",
        "makefiles",
        "malloc",
        "memleaks",
        "manylinux",
        "maxdepth",
        "miktext",
        "Mish",
        "mklink",
        "mmap",
        "mobilenet",
        "Mobilenet",
        "monodepth",
        "mozallowfullscreen",
        "msallowfullscreen",
        "MSVC",
        "msvc",
        "Multiclass",
        "muxed",
        "mxnet",
        "namespaceov",
        "NCHW",
        "ncpu",
        "netdev",
        "netplan",
        "ngraph",
        "nireq",
        "NNCF",
        "nncf",
        "nocache",
        "noglob",
        "nohup",
        "nlohmann",
        "norestart",
        "noqueue",
        "nproc",
        "NUMA",
        "numpy",
        "Numpy",
        "oallowfullscreen",
        "ocloc",
        "OCSP",
        "oneapi",
        "onetbb",
        "onnx",
        "opencl",
        "openembedded",
        "openvino",
        "Opset",
        "opset",
        "opsets",
        "OVMS",
        "ovms",
        "ovsa",
        "OVSA",
        "ovsatool",
        "OVTF",
        "PACKAGECONFIG",
        "paddlepaddle",
        "parameterizable",
        "partitioner",
        "patchelf",
        "passpattern",
        "Pexels",
        "pdmodel",
        "PDPD",
        "pkgdata",
        "pkgs",
        "pkill",
        "polylines",
        "postproc",
        "postprocess",
        "preprocess",
        "Preprocess",
        "protobuf",
        "Protobuf",
        "PROTOBUF",
        "prototxt",
        "PSROI",
        "Pugi",
        "pugixml",
        "PUGIXML",
        "pypi",
        "PYTHONPATH",
        "pzstd",
        "qcow",
        "qlen",
        "QSPECTRE",
        "Qspectre",
        "quantizer",
        "Rects",
        "Relu",
        "relu",
        "rcnn",
        "RCNN",
        "RDFT",
        "Redistributable",
        "remotesigned",
        "repolist",
        "reproject",
        "reshapable",
        "Requantize",
        "retval",
        "RHODS",
        "rmmod",
        "runtool",
        "scons",
        "SCONS",
        "segm",
        "Selu",
        "servercore",
        "setuptools",
        "setupvars",
        "SETX",
        "SIMD",
        "Softmax",
        "skylake",
        "sphinxdirective",
        "Strided",
        "squeezenet",
        "SWTPM",
        "swtpm",
        "TBBBIND",
        "TBBROOT",
        "Tensro",
        "texlive",
        "textrm",
        "tflite",
        "thirdparty",
        "Thresholded",
        "toctree",
        "toolset",
        "Torchvision",
        "tpmrm",
        "tpmstate",
        "tput",
        "Tunables",
        "unet",
        "Uninstallation",
        "unixio",
        "unsharp",
        "Unsharp",
        "Unsh",
        "Unsqueeze",
        "Usecase",
        "usecases",
        "USERPROFILE",
        "userspace",
        "VAAPI",
        "valgrind",
        "vcpkg",
        "vcvars",
        "venv",
        "virbr",
        "virsh",
        "virt",
        "virtio",
        "VMHWM",
        "VMRSS",
        "VNNI",
        "vtune",
        "vtunesummary",
        "vtunebottonup",
        "WHOLEARCHIVE",
        "WDDM",
        "WORKDIR",
        "WORKSIZE",
        "xbyak",
        "Xbyak",
        "xdot",
        "xvfz",
        "yocto",
        "yolo",
        "YOLO",
        "yolov",
        "Yolov",
        "YXFB",
        "zstd"
    ],
    "ignoreWords": [],
    "import": []
}
